Index,Date,Quantity,Cost,GDP,CPI
82,2016-08,1,33250.0,0.0,-1
83,2012-06,1,40002.9,1546.5699999999995,4
84,2011-01,1,43500.0,0.0,-3
85,2011-01,1,15675.0,0.0,-3
86,2017-06,1,2114.64,1907.5299999999988,5
205,2011-08,1,38000.0,0.0,3
216,2012-04,1,12600.0,0.0,1
217,2011-07,1,18050.0,0.0,1
218,2011-09,2,11400.0,1078.41,1
288,2011-01,1,3325.0,0.0,-3
289,2013-11,1,2375.0,0.0,-4
298,2014-02,1,5000.0,0.0,1
314,2013-02,1,14725.0,0.0,1
315,2013-03,1,14725.0,704.75,2
316,2011-01,1,52000.0,0.0,-3
317,2010-06,1,52000.0,2270.6900000000005,4
318,2010-09,1,20000.0,1163.2599999999984,2
319,2011-06,1,38000.0,1908.630000000001,4
327,2010-09,1,4300.0,1163.2599999999984,2
328,2011-10,1,4085.0,0.0,1
329,2010-09,1,4300.0,1163.2599999999984,2
330,2010-12,1,5600.0,-253.23999999999802,3
331,2013-07,1,4500.0,0.0,2
332,2013-12,2,12350.0,1041.2100000000028,-2
333,2010-10,1,10800.0,0.0,1
334,2013-04,1,13500.0,0.0,2
335,2012-08,1,12000.0,0.0,1
336,2010-07,1,10500.0,0.0,0
337,2012-11,2,11210.0,0.0,1
338,2010-10,2,11020.0,0.0,1
339,2012-11,1,5900.0,0.0,1
340,2012-11,1,5900.0,0.0,1
341,2017-07,2,4000.0,0.0,0
342,2017-01,1,1762.2,0.0,0
343,2010-10,1,1778.0,0.0,1
344,2011-07,1,29000.0,0.0,1
345,2011-10,1,27000.0,0.0,1
387,2011-12,1,2955.45,-116.04999999999927,1
469,2017-04,1,17195.0,0.0,1
470,2017-04,1,11115.0,0.0,1
629,2015-05,1,15120.0,0.0,3
691,2014-09,1,14256.0,-549.5400000000009,0
692,2015-01,1,19000.0,0.0,-1
697,2014-03,1,4000.0,627.0799999999981,3
698,2014-05,1,4000.0,0.0,2
703,2015-01,1,21375.0,0.0,-1
704,2011-02,1,622.0,0.0,0
705,2014-07,1,14915.0,0.0,1
706,2014-02,1,9595.0,0.0,1
713,2011-05,1,3250.0,0.0,2
718,2013-03,3,387.0,704.75,2
719,2013-01,1,129.22,0.0,2
720,2013-03,3,381.0,704.75,2
721,2013-03,1,128.44,704.75,2
722,2013-08,2,290.0,0.0,1
723,2013-02,2,258.0,0.0,1
724,2013-01,1,129.0,0.0,2
725,2013-06,3,435.0,1942.9300000000005,4
726,2013-05,2,257.78,0.0,3
727,2013-04,1,145.0,0.0,2
728,2013-03,7,903.0,704.75,2
729,2013-07,2,258.0,0.0,2
730,2013-02,1,145.0,0.0,1
738,2015-02,1,14250.0,0.0,1
739,2013-01,2,578.0,0.0,2
740,2017-10,1,7900.0,0.0,1
741,2013-01,2,650.0,0.0,2
742,2015-01,2,16910.0,0.0,-1
743,2014-12,1,9500.0,1856.0400000000006,1
744,2013-01,1,200.0,0.0,2
745,2013-01,1,267.0,0.0,2
746,2013-01,2,400.0,0.0,2
765,2012-12,1,7555.56,-148.4300000000003,2
784,2016-04,2,19200.0,0.0,4
787,2017-07,2,25600.0,0.0,0
793,2013-10,1,6460.0,0.0,2
794,2017-12,1,16800.0,0.0,-2
799,2015-12,1,49500.0,1612.430000000004,0
800,2016-04,1,19000.0,0.0,4
801,2017-07,1,25080.0,0.0,0
802,2015-10,1,19190.0,0.0,1
803,2015-10,1,8100.0,0.0,1
829,2016-03,1,78850.0,273.489999999998,3
830,2015-09,1,15120.0,-4.389999999999418,3
840,2017-08,1,17000.0,0.0,0
841,2016-07,1,18000.0,0.0,-2
842,2017-09,1,23750.0,566.0800000000017,2
851,2015-03,1,23750.0,191.34000000000012,2
869,2016-03,1,25000.0,273.489999999998,3
871,2016-03,1,20000.0,273.489999999998,3
872,2017-06,1,18097.5,1907.5299999999988,5
873,2017-09,1,14500.0,566.0800000000017,2
875,2017-09,1,11732.5,566.0800000000017,2
876,2017-08,1,8550.0,0.0,0
877,2017-08,1,8550.0,0.0,0
884,2015-02,1,5400.0,0.0,1
885,2015-05,1,5400.0,0.0,3
886,2015-10,1,6750.0,0.0,1
887,2015-03,1,4500.0,191.34000000000012,2
889,2015-08,1,15960.0,0.0,2
890,2015-07,1,15960.0,0.0,1
891,2015-05,1,15120.0,0.0,3
892,2015-10,1,13300.0,0.0,1
893,2015-12,1,13870.0,1612.430000000004,0
959,2016-12,1,7900.0,650.1200000000026,-1
960,2015-05,1,6320.7,0.0,3
963,2015-10,1,8100.0,0.0,1
996,2015-03,1,8930.0,191.34000000000012,2
998,2015-12,1,9595.0,1612.430000000004,0
999,2015-12,1,19000.0,1612.430000000004,0
1000,2017-07,1,1800.0,0.0,0
1001,2015-04,1,1600.0,0.0,2
1020,2015-03,1,18050.0,191.34000000000012,2
1022,2017-03,1,5600.0,695.9799999999959,2
1023,2015-11,1,4978.0,0.0,-1
1024,2015-02,1,5600.0,0.0,1
1025,2017-04,1,7200.0,0.0,1
1026,2017-01,1,6650.0,0.0,0
1050,2016-12,1,6412.5,650.1200000000026,-1
1073,2016-11,1,22500.0,0.0,-2
1074,2017-01,1,23750.0,0.0,0
1076,2017-05,1,26400.0,0.0,2
1091,2017-12,1,5600.0,0.0,-2
1097,2017-09,1,29000.0,566.0800000000017,2
1105,2016-09,1,5947.42,509.9700000000012,1
1147,2016-10,2,18000.0,0.0,-1
1154,2017-06,1,3500.0,1907.5299999999988,5
1155,2016-08,1,2800.04,0.0,-1
1156,2017-06,1,3083.85,1907.5299999999988,5
1157,2016-12,2,5990.0,650.1200000000026,-1
1159,2016-10,2,15800.0,0.0,-1
1163,2016-11,1,17052.5,0.0,-2
1210,2016-09,1,10925.0,509.9700000000012,1
1240,2017-06,1,3645.0,1907.5299999999988,5
1241,2015-10,1,4050.0,0.0,1
1242,2017-06,1,3645.0,1907.5299999999988,5
1243,2015-12,1,3600.0,1612.430000000004,0
1244,2015-12,1,3847.5,1612.430000000004,0
1245,2015-09,2,8356.0,-4.389999999999418,3
1246,2016-10,2,8930.0,0.0,-1
1250,2016-07,1,12350.0,0.0,-2
1254,2016-11,1,55100.0,0.0,-2
1300,2016-10,1,34200.0,0.0,-1
1301,2016-11,1,16800.0,0.0,-2
1370,2013-09,1,12350.0,-23.670000000001888,3
1372,2017-03,1,17100.0,695.9799999999959,2
1377,2016-11,1,12350.0,0.0,-2
1378,2016-05,1,17575.0,0.0,2
1380,2016-03,2,9500.0,273.489999999998,3
1381,2015-03,2,9500.0,191.34000000000012,2
1386,2015-11,1,9595.0,0.0,-1
1387,2015-12,1,9595.0,1612.430000000004,0
1411,2014-12,2,12060.0,1856.0400000000006,1
1418,2014-09,1,14600.0,-549.5400000000009,0
1419,2017-11,1,30000.0,0.0,-2
1421,2016-06,1,7505.0,1267.4199999999985,3
1422,2017-11,1,20800.0,0.0,-2
1423,2017-03,2,16150.0,695.9799999999959,2
1427,2016-07,1,12300.0,0.0,-2
1429,2017-09,1,4940.0,566.0800000000017,2
1430,2017-08,1,22000.0,0.0,0
1433,2014-10,1,23465.0,0.0,0
1435,2014-12,1,53800.0,1856.0400000000006,1
1436,2015-10,1,61750.0,0.0,1
1437,2014-04,1,48600.0,0.0,2
1440,2014-10,1,19050.0,0.0,0
1442,2014-12,1,4050.0,1856.0400000000006,1
1448,2014-01,1,9595.0,0.0,1
3008,2013-11,1,25250.0,0.0,-4
3009,2013-11,1,14440.0,0.0,-4
3010,2017-04,1,14725.0,0.0,1
3020,2017-05,1,7200.0,0.0,2
3021,2017-04,1,6343.92,0.0,1
3022,2017-05,1,6840.0,0.0,2
3023,2017-06,1,5709.53,1907.5299999999988,5
3033,2016-07,1,20900.0,0.0,-2
3037,2016-09,1,14500.0,509.9700000000012,1
3042,2015-05,1,16200.0,0.0,3
3043,2017-03,1,19190.0,695.9799999999959,2
3045,2015-04,2,9500.0,0.0,2
3046,2015-05,1,3999.6,0.0,3
3047,2016-04,1,22500.0,0.0,4
3048,2015-03,1,17100.0,191.34000000000012,2
3049,2015-10,1,13050.0,0.0,1
3052,2015-03,1,27000.0,191.34000000000012,2
3060,2016-01,1,33250.0,0.0,-2
3061,2015-09,1,34200.0,-4.389999999999418,3
3062,2017-10,1,15700.0,0.0,1
3067,2016-06,1,5742.29,1267.4199999999985,3
3071,2015-03,1,23465.0,191.34000000000012,2
3082,2015-01,1,15000.0,0.0,-1
3083,2015-12,1,12044.76,1612.430000000004,0
3084,2015-10,1,4889.0,0.0,1
3085,2016-01,1,5500.0,0.0,-2
3086,2016-01,2,11000.0,0.0,-2
3097,2016-01,1,6650.0,0.0,-2
3098,2016-01,2,9000.0,0.0,-2
3099,2017-05,1,13200.0,0.0,2
3111,2015-10,1,3800.0,0.0,1
3114,2014-09,1,15960.0,-549.5400000000009,0
3118,2015-04,1,20330.0,0.0,2
3147,2014-09,1,33250.0,-549.5400000000009,0
3148,2014-06,1,7200.0,697.5699999999997,6
3154,2014-05,1,11875.0,0.0,2
3155,2014-09,1,16150.0,-549.5400000000009,0
3289,2012-07,1,15000.0,0.0,2
3290,2012-07,1,10925.0,0.0,2
3349,2014-03,1,5333.0,627.0799999999981,3
3350,2010-04,1,7650.0,0.0,2
3351,2011-01,1,11250.0,0.0,-3
3775,2017-03,1,23750.0,695.9799999999959,2
3834,2017-09,1,1400.0,566.0800000000017,2
3835,2017-01,1,4512.5,0.0,0
3836,2017-09,1,2800.0,566.0800000000017,2
3837,2017-06,1,2343.73,1907.5299999999988,5
3838,2017-04,2,5600.0,0.0,1
3839,2017-06,1,2467.08,1907.5299999999988,5
3846,2017-09,1,3300.0,566.0800000000017,2
3847,2017-10,1,3135.0,0.0,1
3848,2017-08,1,3200.0,0.0,0
3954,2017-05,1,33000.0,0.0,2
3955,2017-09,1,31350.0,566.0800000000017,2
4200,2017-12,1,7600.0,0.0,-2
4474,2015-09,1,10000.0,-4.389999999999418,3
4475,2015-08,1,38000.0,0.0,2
4938,2015-11,1,4750.0,0.0,-1
4939,2016-11,1,4750.0,0.0,-2
4940,2017-02,1,4405.5,0.0,1
4941,2015-11,1,3800.0,0.0,-1
4978,2015-09,1,2222.22,-4.389999999999418,3
4995,2017-03,1,2070.0,695.9799999999959,2
5299,2016-11,2,6840.0,0.0,-2
5418,2016-11,2,15010.0,0.0,-2
5450,2016-10,1,925.15,0.0,-1
5451,2016-09,1,11700.0,509.9700000000012,1
5453,2017-01,1,32500.0,0.0,0
5454,2016-02,1,30875.0,0.0,1
5461,2016-09,1,7457.5,509.9700000000012,1
5798,2014-12,1,5333.0,1856.0400000000006,1
5799,2015-04,1,5700.0,0.0,2
5800,2014-10,1,7555.56,0.0,0
5997,2015-06,2,3555.56,1128.1399999999996,2
5998,2016-06,1,1900.0,1267.4199999999985,3
5999,2016-10,1,2850.0,0.0,-1
6000,2016-04,1,1777.8,0.0,4
6001,2015-05,1,1333.0,0.0,3
6002,2015-06,1,1777.78,1128.1399999999996,2
6003,2015-05,1,2400.3,0.0,3
6004,2016-11,1,2643.3,0.0,-2
6326,2013-09,1,2850.0,-23.670000000001888,3
6330,2013-08,1,1300.0,0.0,1
6380,2016-12,1,2800.0,650.1200000000026,-1
6381,2017-03,1,2100.0,695.9799999999959,2
6382,2017-11,1,1995.0,0.0,-2
6383,2017-10,1,22325.0,0.0,1
6384,2017-04,1,1409.76,0.0,1
6385,2017-07,1,2200.0,0.0,0
6386,2016-12,1,2185.0,650.1200000000026,-1
6387,2017-08,1,2300.0,0.0,0
6388,2016-12,1,32500.0,650.1200000000026,-1
6389,2017-02,1,32500.0,0.0,1
6392,2017-04,1,8788.97,0.0,1
6393,2017-03,1,8075.0,695.9799999999959,2
6394,2017-01,1,7000.0,0.0,0
6395,2017-11,1,6650.0,0.0,-2
6398,2017-10,1,9975.0,0.0,1
6399,2017-10,1,9975.0,0.0,1
6400,2017-07,1,22800.0,0.0,0
6631,2015-01,1,18000.0,0.0,-1
6632,2016-06,1,13333.4,1267.4199999999985,3
6633,2012-03,1,15000.0,148.04999999999927,4
6634,2010-12,1,2000.0,-253.23999999999802,3
6635,2011-06,1,11000.0,1908.630000000001,4
6636,2016-04,2,27550.0,0.0,4
6637,2013-07,1,13775.0,0.0,2
6638,2017-04,1,13775.0,0.0,1
6677,2011-06,1,14725.0,1908.630000000001,4
6678,2011-10,1,14725.0,0.0,1
6679,2011-12,1,14725.0,-116.04999999999927,1
6680,2010-12,1,13950.0,-253.23999999999802,3
6681,2012-12,1,13775.0,-148.4300000000003,2
6682,2013-03,1,16000.0,704.75,2
6683,2013-06,1,30000.0,1942.9300000000005,4
6684,2013-08,1,16000.0,0.0,1
6685,2013-03,1,13500.0,704.75,2
6686,2011-02,1,13500.0,0.0,0
6687,2015-03,1,17100.0,191.34000000000012,2
6688,2011-02,1,9000.0,0.0,0
6689,2015-11,1,7000.0,0.0,-1
6690,2011-08,1,16000.0,0.0,3
6691,2013-09,1,14250.0,-23.670000000001888,3
6692,2011-11,1,14400.0,0.0,-2
6693,2011-09,1,6175.0,1078.41,1
6694,2012-05,1,6500.0,0.0,2
6695,2010-02,1,33250.0,0.0,0
6696,2017-01,1,35000.0,0.0,0
6697,2011-06,1,8075.0,1908.630000000001,4
6727,2016-09,1,11590.0,509.9700000000012,1
6732,2015-02,1,9333.33,0.0,1
6752,2015-10,1,10000.0,0.0,1
6753,2017-04,2,19000.0,0.0,1
6774,2016-10,1,12825.0,0.0,-1
6775,2016-01,1,12500.0,0.0,-2
6776,2015-01,1,11000.0,0.0,-1
6792,2015-10,1,11111.11,0.0,1
6793,2015-07,1,12825.0,0.0,1
6794,2015-12,1,13500.0,1612.430000000004,0
6795,2015-10,1,12500.0,0.0,1
6846,2016-10,1,10640.0,0.0,-1
6894,2017-07,2,1900.0,0.0,0
6895,2017-08,1,1180.0,0.0,0
6896,2017-01,1,1000.0,0.0,0
6897,2017-04,1,1200.0,0.0,1
6901,2016-12,1,2599.15,650.1200000000026,-1
6910,2017-05,1,15000.0,0.0,2
7025,2013-01,1,8550.0,0.0,2
7026,2010-11,1,6075.0,0.0,3
7027,2011-05,1,6650.0,0.0,2
7028,2010-07,1,5400.0,0.0,0
7029,2014-09,1,8550.0,-549.5400000000009,0
7032,2016-05,1,42750.0,0.0,2
7089,2013-01,1,28000.0,0.0,2
7090,2012-09,1,17100.0,993.5600000000012,2
7097,2010-09,1,10000.0,1163.2599999999984,2
7098,2013-04,1,26000.0,0.0,2
7099,2012-08,1,20000.0,0.0,1
7104,2013-11,1,19950.0,0.0,-4
7181,2014-03,1,1900.0,627.0799999999981,3
7182,2015-05,1,2666.67,0.0,3
7183,2017-02,1,925.16,0.0,1
7184,2015-04,1,933.0,0.0,2
7185,2014-04,1,1500.0,0.0,2
7186,2013-11,1,1334.0,0.0,-4
7187,2013-11,2,15010.0,0.0,-4
7188,2017-08,2,14250.0,0.0,0
7189,2015-09,1,10640.0,-4.389999999999418,3
7190,2017-09,1,16200.0,566.0800000000017,2
7191,2014-11,1,9400.0,0.0,0
7192,2014-01,1,7347.0,0.0,1
7193,2013-12,1,10545.0,1041.2100000000028,-2
7194,2017-07,1,11000.0,0.0,0
7196,2016-10,1,1333.33,0.0,-1
7197,2013-12,1,1500.0,1041.2100000000028,-2
7198,2015-10,1,3000.0,0.0,1
7199,2016-10,2,3000.0,0.0,-1
7233,2016-12,1,3964.95,650.1200000000026,-1
7234,2014-01,2,8550.0,0.0,1
7235,2013-11,1,24000.0,0.0,-4
7277,2012-04,1,8455.0,0.0,1
7280,2014-03,1,5000.0,627.0799999999981,3
7281,2014-05,1,5040.0,0.0,2
7282,2014-02,1,5000.0,0.0,1
7283,2013-11,1,4750.0,0.0,-4
7284,2014-02,1,5000.0,0.0,1
7285,2015-01,1,9595.0,0.0,-1
7297,2015-05,1,14040.0,0.0,3
7298,2015-05,1,14040.0,0.0,3
7299,2015-12,1,12329.1,1612.430000000004,0
7307,2016-08,1,15622.39,0.0,-1
7308,2016-06,1,17575.0,1267.4199999999985,3
7309,2015-02,1,16910.0,0.0,1
7310,2015-04,1,5320.0,0.0,2
7311,2015-09,1,4978.0,-4.389999999999418,3
7312,2016-09,1,6270.0,509.9700000000012,1
7313,2015-04,1,4978.0,0.0,2
7314,2015-11,1,6600.0,0.0,-1
7333,2014-10,1,12777.5,0.0,0
7334,2014-09,1,12777.5,-549.5400000000009,0
7335,2017-08,1,12825.0,0.0,0
7336,2017-01,1,11000.0,0.0,0
7337,2016-04,1,11400.0,0.0,4
7338,2014-08,1,10640.0,0.0,0
7339,2016-12,1,11000.0,650.1200000000026,-1
7340,2016-04,1,10133.46,0.0,4
7341,2015-05,1,10640.0,0.0,3
7342,2015-01,1,8550.0,0.0,-1
7343,2015-10,1,8550.0,0.0,1
7344,2014-09,1,8550.0,-549.5400000000009,0
7345,2016-01,1,8550.0,0.0,-2
7346,2014-10,1,6080.0,0.0,0
7347,2016-04,1,19000.0,0.0,4
7348,2014-01,1,19190.0,0.0,1
7349,2016-04,1,16200.0,0.0,4
7350,2015-05,1,17100.0,0.0,3
7351,2016-12,1,17622.0,650.1200000000026,-1
7352,2014-09,1,15960.0,-549.5400000000009,0
7445,2015-12,1,22990.0,1612.430000000004,0
7450,2016-10,1,19000.0,0.0,-1
7523,2017-09,1,18050.0,566.0800000000017,2
7524,2012-05,1,13300.0,0.0,2
7525,2017-01,1,17100.0,0.0,0
7526,2012-10,1,13300.0,0.0,1
7527,2011-08,1,11400.0,0.0,3
7528,2011-05,1,11400.0,0.0,2
7529,2012-02,1,9405.0,0.0,2
7530,2012-07,1,9900.0,0.0,2
7531,2011-11,1,9900.0,0.0,-2
7532,2017-08,1,376.42,0.0,0
7536,2014-03,1,12350.0,627.0799999999981,3
7537,2014-06,1,12825.0,697.5699999999997,6
7538,2014-03,1,13500.0,627.0799999999981,3
7539,2010-10,1,11875.0,0.0,1
7540,2012-06,1,12350.0,1546.5699999999995,4
7541,2014-12,1,12350.0,1856.0400000000006,1
7542,2012-11,1,12825.0,0.0,1
7543,2013-12,1,12825.0,1041.2100000000028,-2
7599,2016-08,1,22050.0,0.0,-1
7600,2010-06,1,6500.0,2270.6900000000005,4
7601,2012-12,1,4500.0,-148.4300000000003,2
7602,2017-10,1,3964.95,0.0,1
7603,2010-12,1,10500.0,-253.23999999999802,3
7604,2010-10,2,11700.0,0.0,1
7605,2010-04,1,3000.0,0.0,2
7606,2012-03,1,2850.0,148.04999999999927,4
7608,2011-02,1,42750.0,0.0,0
7609,2012-02,1,13500.0,0.0,2
7610,2012-09,1,13500.0,993.5600000000012,2
7611,2010-10,1,12150.0,0.0,1
7612,2011-06,1,12825.0,1908.630000000001,4
7613,2011-09,1,13500.0,1078.41,1
7614,2012-03,1,12825.0,148.04999999999927,4
7615,2016-09,1,24000.0,509.9700000000012,1
7616,2014-09,1,19950.0,-549.5400000000009,0
7617,2012-09,1,20900.0,993.5600000000012,2
7618,2013-07,1,6000.0,0.0,2
7619,2014-01,1,8370.0,0.0,1
7620,2011-06,1,8280.0,1908.630000000001,4
7621,2011-03,1,9000.0,-161.67000000000192,1
7622,2012-05,1,9000.0,0.0,2
7623,2010-10,1,9000.0,0.0,1
7624,2017-08,1,13000.0,0.0,0
7625,2012-05,1,9000.0,0.0,2
7626,2010-09,1,9000.0,1163.2599999999984,2
7627,2011-07,1,8550.0,0.0,1
7628,2011-04,1,9000.0,0.0,1
7629,2012-12,1,4000.0,-148.4300000000003,2
7630,2011-05,1,3800.0,0.0,2
7631,2015-01,1,16000.0,0.0,-1
7632,2014-09,1,16000.0,-549.5400000000009,0
7633,2010-10,1,9450.0,0.0,1
7634,2011-02,1,11400.0,0.0,0
7635,2011-05,1,10000.0,0.0,2
7636,2012-12,1,10500.0,-148.4300000000003,2
7637,2011-02,1,9975.0,0.0,0
7638,2014-09,1,9595.0,-549.5400000000009,0
7639,2011-05,1,9500.0,0.0,2
7640,2010-10,1,9500.0,0.0,1
7641,2011-12,1,8000.0,-116.04999999999927,1
7642,2011-03,1,7600.0,-161.67000000000192,1
7643,2011-04,1,8000.0,0.0,1
7644,2016-04,1,9000.0,0.0,4
7645,2011-05,1,6750.0,0.0,2
7646,2011-03,1,3000.0,-161.67000000000192,1
7647,2011-11,1,16200.0,0.0,-2
7648,2011-06,1,17100.0,1908.630000000001,4
7649,2015-11,1,22000.0,0.0,-1
7754,2016-05,1,14725.0,0.0,2
7755,2015-10,1,21000.0,0.0,1
7756,2014-01,1,13485.0,0.0,1
7757,2011-05,1,20900.0,0.0,2
7758,2014-06,1,5700.0,697.5699999999997,6
7759,2010-02,1,20900.0,0.0,0
7760,2014-06,1,19950.0,697.5699999999997,6
7816,2012-07,2,11970.0,0.0,2
7817,2014-02,1,13000.0,0.0,1
7818,2016-01,2,19000.0,0.0,-2
7819,2015-12,2,19000.0,1612.430000000004,0
7820,2017-02,2,18000.0,0.0,1
7821,2015-03,2,17000.0,191.34000000000012,2
7822,2015-02,1,8100.0,0.0,1
7823,2015-12,4,36100.0,1612.430000000004,0
7824,2014-12,2,22800.0,1856.0400000000006,1
7825,2015-11,2,18000.0,0.0,-1
7826,2015-12,2,17100.0,1612.430000000004,0
7827,2016-01,1,9500.0,0.0,-2
7828,2015-07,2,13680.0,0.0,1
7829,2017-11,2,9595.0,0.0,-2
7830,2017-10,1,6500.0,0.0,1
7831,2014-07,1,9000.0,0.0,1
7832,2015-12,2,14400.0,1612.430000000004,0
7874,2011-08,1,382.0,0.0,3
7875,2011-05,1,430.0,0.0,2
7876,2011-04,1,430.0,0.0,1
7877,2011-08,1,382.0,0.0,3
7878,2015-12,1,61750.0,1612.430000000004,0
7879,2011-11,2,860.0,0.0,-2
7882,2014-07,1,57000.0,0.0,1
7883,2014-01,1,53010.0,0.0,1
7884,2014-01,1,54150.0,0.0,1
7885,2015-03,1,57000.0,191.34000000000012,2
7886,2010-02,1,20000.0,0.0,0
7887,2015-01,1,125000.0,0.0,-1
7888,2017-11,1,55000.0,0.0,-2
7889,2014-10,1,72200.0,0.0,0
7987,2013-10,1,19000.0,0.0,2
7988,2013-10,1,19950.0,0.0,2
7989,2014-12,2,13300.0,1856.0400000000006,1
7990,2011-04,1,356.0,0.0,1
7991,2014-06,1,12825.0,697.5699999999997,6
7992,2014-05,1,14000.0,0.0,2
7993,2014-09,1,27550.0,-549.5400000000009,0
7994,2016-08,1,27550.0,0.0,-1
7997,2017-01,1,20000.0,0.0,0
7999,2013-08,1,1059.0,0.0,1
8031,2011-02,1,744.0,0.0,0
8032,2014-12,1,5820.0,1856.0400000000006,1
8035,2013-05,1,1720.0,0.0,3
8036,2014-01,1,4446.0,0.0,1
8037,2014-12,1,4990.0,1856.0400000000006,1
8038,2014-12,1,1744.0,1856.0400000000006,1
8039,2013-04,1,1750.0,0.0,2
8044,2013-04,1,1757.5,0.0,2
8045,2017-03,1,1585.98,695.9799999999959,2
8046,2015-04,1,1600.0,0.0,2
8047,2013-12,1,1520.0,1041.2100000000028,-2
8048,2016-01,1,1600.0,0.0,-2
8049,2015-03,1,1800.0,191.34000000000012,2
8050,2014-06,2,2844.44,697.5699999999997,6
8051,2016-02,2,3420.0,0.0,1
8052,2014-09,2,3200.0,-549.5400000000009,0
8053,2017-12,4,7200.0,0.0,-2
8054,2017-01,2,3600.0,0.0,0
8055,2013-12,1,1351.11,1041.2100000000028,-2
8056,2017-06,6,12000.0,1907.5299999999988,5
8057,2016-04,2,3200.0,0.0,4
8058,2013-12,4,6400.0,1041.2100000000028,-2
8059,2014-08,3,4800.0,0.0,0
8060,2011-06,3,4500.0,1908.630000000001,4
8061,2013-02,2,3200.0,0.0,1
8062,2013-02,1,1520.0,0.0,1
8063,2011-01,1,1500.0,0.0,-3
8064,2010-08,1,1500.0,0.0,1
8065,2011-01,2,3000.0,0.0,-3
8066,2011-09,4,5700.0,1078.41,1
8067,2011-11,2,3000.0,0.0,-2
8068,2015-01,2,3200.0,0.0,-1
8069,2013-12,2,3200.0,1041.2100000000028,-2
8070,2014-12,3,4800.0,1856.0400000000006,1
8071,2015-12,2,3420.0,1612.430000000004,0
8072,2016-06,2,3200.0,1267.4199999999985,3
8073,2016-01,3,5524.5,0.0,-2
8074,2015-03,3,5400.0,191.34000000000012,2
8075,2014-11,2,3200.0,0.0,0
8076,2015-01,4,6400.0,0.0,-1
8077,2016-03,3,4560.0,273.489999999998,3
8078,2015-03,1,1600.0,191.34000000000012,2
8079,2015-05,1,1620.0,0.0,3
8080,2014-01,1,1520.0,0.0,1
8081,2016-04,2,3420.0,0.0,4
8082,2010-03,1,1333.0,-471.39000000000124,0
8083,2015-02,2,3200.0,0.0,1
8084,2015-05,2,3200.0,0.0,3
8085,2015-02,2,3200.0,0.0,1
8086,2015-03,2,3200.0,191.34000000000012,2
8087,2016-07,4,7200.0,0.0,-2
8088,2015-11,3,5400.0,0.0,-1
8089,2016-03,4,6840.0,273.489999999998,3
8090,2017-03,1,1800.0,695.9799999999959,2
8091,2016-04,1,1600.0,0.0,4
8092,2015-05,1,1600.0,0.0,3
8093,2013-03,1,1520.0,704.75,2
8094,2015-03,1,1600.0,191.34000000000012,2
8095,2011-08,4,5333.0,0.0,3
8096,2016-05,2,3420.0,0.0,2
8097,2014-01,2,3040.0,0.0,1
8098,2017-10,4,8000.0,0.0,1
8099,2011-08,1,1500.0,0.0,3
8100,2011-03,2,3000.0,-161.67000000000192,1
8101,2011-01,1,1333.0,0.0,-3
8102,2011-09,2,2667.0,1078.41,1
8103,2017-08,2,4000.0,0.0,0
8104,2010-11,2,2850.0,0.0,3
8105,2012-04,1,1600.0,0.0,1
8106,2012-11,2,2666.68,0.0,1
8107,2011-06,1,1500.0,1908.630000000001,4
8108,2011-02,2,3000.0,0.0,0
8109,2012-04,2,2844.44,0.0,1
8110,2014-03,2,2844.44,627.0799999999981,3
8111,2017-10,1,2000.0,0.0,1
8112,2017-10,3,15200.0,0.0,1
8113,2011-05,2,2532.7,0.0,2
8114,2012-08,1,1600.0,0.0,1
8115,2014-04,1,1600.0,0.0,2
8116,2012-10,1,1520.0,0.0,1
8117,2017-11,2,4000.0,0.0,-2
8118,2014-05,4,6400.0,0.0,2
8119,2012-05,2,2844.44,0.0,2
8120,2017-08,2,4000.0,0.0,0
8121,2012-07,1,1600.0,0.0,2
8122,2017-08,2,4000.0,0.0,0
8123,2017-08,1,2000.0,0.0,0
8124,2012-11,2,2844.44,0.0,1
8125,2014-02,1,1600.0,0.0,1
8126,2011-04,2,3000.0,0.0,1
8127,2014-03,2,3040.0,627.0799999999981,3
8128,2014-03,1,1600.0,627.0799999999981,3
8129,2012-11,1,1422.0,0.0,1
8130,2014-02,2,3200.0,0.0,1
8131,2011-11,2,2850.0,0.0,-2
8132,2012-05,2,2844.44,0.0,2
8133,2013-12,2,3040.0,1041.2100000000028,-2
8134,2014-06,1,1600.0,697.5699999999997,6
8135,2010-09,4,6000.0,1163.2599999999984,2
8136,2013-01,2,3040.0,0.0,2
8137,2012-05,2,3200.0,0.0,2
8138,2012-11,2,3200.0,0.0,1
8139,2011-03,1,1425.0,-161.67000000000192,1
8140,2012-04,2,3200.0,0.0,1
8141,2011-12,2,3000.0,-116.04999999999927,1
8142,2014-03,2,3040.0,627.0799999999981,3
8143,2012-11,2,2880.0,0.0,1
8144,2014-03,1,1422.22,627.0799999999981,3
8145,2013-12,1,8550.0,1041.2100000000028,-2
8146,2016-04,1,9975.0,0.0,4
8147,2014-12,1,8550.0,1856.0400000000006,1
8148,2016-06,1,9975.0,1267.4199999999985,3
8149,2014-01,2,16740.0,0.0,1
8150,2014-03,1,9000.0,627.0799999999981,3
8151,2016-04,2,19950.0,0.0,4
8152,2016-12,1,8987.0,650.1200000000026,-1
8153,2016-04,1,10500.0,0.0,4
8154,2013-05,1,8820.0,0.0,3
8155,2012-07,1,8500.0,0.0,2
8156,2011-01,1,8500.0,0.0,-3
8157,2015-12,1,9500.0,1612.430000000004,0
8158,2012-09,1,8075.0,993.5600000000012,2
8159,2016-08,1,10500.0,0.0,-1
8160,2013-03,1,8100.0,704.75,2
8161,2011-07,1,8500.0,0.0,1
8162,2012-11,1,9000.0,0.0,1
8163,2015-01,1,8550.0,0.0,-1
8164,2014-05,1,8500.0,0.0,2
8165,2016-02,1,711.0,0.0,1
8166,2014-08,1,800.0,0.0,0
8167,2015-07,1,711.11,0.0,1
8168,2013-02,1,711.0,0.0,1
8169,2016-02,1,711.11,0.0,1
8175,2014-06,1,1050.0,697.5699999999997,6
8176,2010-07,1,2550.0,0.0,0
8177,2010-10,1,1050.0,0.0,1
8178,2010-07,1,2550.0,0.0,0
8179,2010-10,1,2550.0,0.0,1
8180,2012-11,1,2240.0,0.0,1
8181,2012-01,1,2240.0,0.0,1
8182,2011-09,1,2422.5,1078.41,1
8183,2012-11,1,2240.0,0.0,1
8184,2012-11,1,2320.0,0.0,1
8185,2014-11,1,2755.0,0.0,0
8186,2011-12,1,2550.0,-116.04999999999927,1
8322,2014-01,1,1548.0,0.0,1
8323,2013-07,1,1446.0,0.0,2
8324,2012-03,1,1500.0,148.04999999999927,4
8325,2010-10,1,1500.0,0.0,1
8326,2011-10,1,1350.0,0.0,1
8327,2011-01,1,1500.0,0.0,-3
8328,2011-04,1,1500.0,0.0,1
8329,2010-12,1,1425.0,-253.23999999999802,3
8330,2010-06,1,5150.0,2270.6900000000005,4
8331,2010-09,1,5150.0,1163.2599999999984,2
8356,2013-09,1,1634.0,-23.670000000001888,3
8357,2013-12,1,2475.0,1041.2100000000028,-2
8358,2014-11,1,2193.0,0.0,0
8359,2014-11,1,2070.0,0.0,0
8360,2013-06,1,2200.0,1942.9300000000005,4
8361,2013-06,1,1650.0,1942.9300000000005,4
8362,2012-01,1,2700.0,0.0,1
8363,2015-08,1,2400.0,0.0,2
8364,2013-05,1,862.0,0.0,3
8365,2012-04,1,2500.0,0.0,1
8366,2013-10,1,1505.0,0.0,2
8367,2015-01,1,1537.0,0.0,-1
8368,2013-07,1,2475.0,0.0,2
8369,2013-07,1,1980.0,0.0,2
8370,2010-07,1,600.0,0.0,0
8371,2011-12,1,529.8,-116.04999999999927,1
8372,2012-05,1,600.0,0.0,2
8373,2011-04,1,600.0,0.0,1
8374,2017-08,1,1650.0,0.0,0
8375,2010-06,1,650.0,2270.6900000000005,4
8376,2012-12,1,600.0,-148.4300000000003,2
8377,2012-09,1,600.0,993.5600000000012,2
8378,2012-11,1,540.0,0.0,1
8379,2013-02,1,600.0,0.0,1
8380,2010-11,2,1200.0,0.0,3
8381,2014-04,1,1650.0,0.0,2
8384,2011-09,1,250.0,1078.41,1
8389,2013-05,1,1440.0,0.0,3
8390,2011-11,1,5000.0,0.0,-2
8391,2017-12,1,9975.0,0.0,-2
8392,2016-02,1,5333.67,0.0,1
8393,2015-06,1,6000.0,1128.1399999999996,2
8394,2016-03,1,5700.0,273.489999999998,3
8395,2013-10,2,11400.0,0.0,2
8396,2013-11,1,6000.0,0.0,-4
8397,2013-09,2,11400.0,-23.670000000001888,3
8398,2012-11,1,6000.0,0.0,1
8399,2014-07,1,6000.0,0.0,1
8400,2015-07,1,6000.0,0.0,1
8401,2011-10,1,6000.0,0.0,1
8402,2014-05,1,6000.0,0.0,2
8403,2015-01,2,12000.0,0.0,-1
8404,2015-12,2,11400.0,1612.430000000004,0
8405,2011-06,1,5700.0,1908.630000000001,4
8406,2015-12,1,5333.0,1612.430000000004,0
8407,2015-05,2,11400.0,0.0,3
8408,2013-12,1,6000.0,1041.2100000000028,-2
8409,2011-03,1,6000.0,-161.67000000000192,1
8410,2012-06,1,6000.0,1546.5699999999995,4
8411,2013-01,2,11400.0,0.0,2
8412,2015-12,1,7000.0,1612.430000000004,0
8413,2015-06,1,6650.0,1128.1399999999996,2
8414,2014-08,1,6500.0,0.0,0
8415,2013-09,1,6000.0,-23.670000000001888,3
8416,2012-09,1,5700.0,993.5600000000012,2
8417,2016-05,2,14000.0,0.0,2
8418,2014-04,2,12000.0,0.0,2
8419,2014-12,2,12350.0,1856.0400000000006,1
8420,2015-12,1,6500.0,1612.430000000004,0
8421,2014-03,1,6000.0,627.0799999999981,3
8422,2014-01,1,6000.0,0.0,1
8423,2016-10,1,6167.7,0.0,-1
8424,2015-08,2,12350.0,0.0,2
8425,2016-01,1,5436.99,0.0,-2
8426,2016-12,2,13000.0,650.1200000000026,-1
8427,2013-11,2,11400.0,0.0,-4
8428,2012-12,2,11400.0,-148.4300000000003,2
8429,2016-07,2,12350.0,0.0,-2
8430,2016-02,2,12350.0,0.0,1
8431,2016-12,2,12350.0,650.1200000000026,-1
8432,2012-11,1,5700.0,0.0,1
8433,2013-12,2,12000.0,1041.2100000000028,-2
8434,2016-06,1,6500.0,1267.4199999999985,3
8435,2014-11,2,11400.0,0.0,0
8436,2015-03,1,6500.0,191.34000000000012,2
8437,2015-10,2,13000.0,0.0,1
8438,2015-10,2,13000.0,0.0,1
8439,2011-02,1,6000.0,0.0,0
8440,2014-12,2,11400.0,1856.0400000000006,1
8441,2015-12,2,12350.0,1612.430000000004,0
8442,2017-02,2,13000.0,0.0,1
8443,2014-05,6,33120.0,0.0,2
8444,2012-08,1,5700.0,0.0,1
8445,2017-05,1,6175.0,0.0,2
8446,2011-09,2,10800.0,1078.41,1
8447,2016-04,4,24700.0,0.0,4
8448,2014-07,1,6000.0,0.0,1
8449,2014-06,1,5700.0,697.5699999999997,6
8450,2014-08,1,6000.0,0.0,0
8451,2012-08,2,11400.0,0.0,1
8452,2015-05,4,23400.0,0.0,3
8453,2014-03,2,12000.0,627.0799999999981,3
8454,2014-01,1,1446.0,0.0,1
8455,2014-10,1,1478.0,0.0,0
8456,2010-04,1,4300.0,0.0,2
8457,2012-09,1,9000.0,993.5600000000012,2
8458,2014-01,1,19000.0,0.0,1
8459,2012-03,1,14250.0,148.04999999999927,4
8460,2015-08,1,14222.22,0.0,2
8461,2012-10,1,15000.0,0.0,1
8462,2016-06,1,15200.0,1267.4199999999985,3
8473,2013-04,1,15200.0,0.0,2
8474,2010-04,1,10500.0,0.0,2
8475,2017-09,1,17460.0,566.0800000000017,2
8476,2014-02,1,14250.0,0.0,1
8477,2014-09,1,14725.0,-549.5400000000009,0
8927,2017-05,1,21280.0,0.0,2
8928,2017-05,1,7300.0,0.0,2
8929,2017-09,1,8950.0,566.0800000000017,2
8939,2017-07,1,25000.0,0.0,0
8942,2011-01,2,12825.0,0.0,-3
8943,2011-02,1,9000.0,0.0,0
8944,2010-12,1,9000.0,-253.23999999999802,3
8945,2014-12,2,18050.0,1856.0400000000006,1
8946,2011-04,2,18810.0,0.0,1
8947,2011-06,1,9405.0,1908.630000000001,4
8948,2012-02,2,19800.0,0.0,2
8949,2015-04,1,12350.0,0.0,2
8950,2015-05,2,23400.0,0.0,3
8954,2015-11,1,39900.0,0.0,-1
8955,2011-01,1,24300.0,0.0,-3
8997,2012-05,1,9000.0,0.0,2
9000,2014-01,1,14415.0,0.0,1
9004,2013-09,1,8360.0,-23.670000000001888,3
9649,2012-12,1,2200.0,-148.4300000000003,2
9650,2014-02,1,1600.0,0.0,1
9724,2013-04,1,5225.0,0.0,2
9725,2010-08,2,13500.0,0.0,1
9726,2012-05,2,14000.0,0.0,2
9727,2010-06,1,10850.0,2270.6900000000005,4
9728,2012-05,1,6650.0,0.0,2
9734,2017-09,2,20700.0,566.0800000000017,2
9735,2011-04,2,14250.0,0.0,1
9736,2015-12,1,6650.0,1612.430000000004,0
9737,2010-09,2,13500.0,1163.2599999999984,2
9738,2017-10,1,12825.0,0.0,1
9739,2011-03,1,6750.0,-161.67000000000192,1
9740,2013-05,2,15200.0,0.0,3
9741,2011-10,2,14250.0,0.0,1
9742,2016-08,1,9000.0,0.0,-1
9743,2012-05,1,7000.0,0.0,2
9744,2016-12,1,8550.0,650.1200000000026,-1
9745,2013-01,2,16150.0,0.0,2
9746,2011-05,2,14250.0,0.0,2
9747,2012-07,1,7500.0,0.0,2
9748,2012-01,1,6500.0,0.0,1
9749,2017-05,1,6500.0,0.0,2
9750,2016-04,4,26000.0,0.0,4
9751,2011-12,2,12350.0,-116.04999999999927,1
9752,2011-06,1,6000.0,1908.630000000001,4
9753,2016-04,2,18050.0,0.0,4
9754,2014-01,5,41850.0,0.0,1
9755,2011-06,1,14250.0,1908.630000000001,4
9756,2013-08,2,18000.0,0.0,1
9757,2014-02,2,17100.0,0.0,1
9758,2012-12,1,8550.0,-148.4300000000003,2
9759,2013-04,2,17100.0,0.0,2
9760,2013-04,1,8550.0,0.0,2
9761,2014-07,2,18000.0,0.0,1
9762,2013-04,4,34200.0,0.0,2
9763,2014-04,1,9000.0,0.0,2
9764,2017-09,1,9000.0,566.0800000000017,2
9765,2011-05,2,16200.0,0.0,2
9766,2014-06,2,18000.0,697.5699999999997,6
9767,2013-10,2,17100.0,0.0,2
9768,2013-09,2,18000.0,-23.670000000001888,3
9769,2013-07,2,17100.0,0.0,2
9770,2015-02,2,17100.0,0.0,1
9847,2014-05,1,14250.0,0.0,2
9848,2011-08,1,75000.0,0.0,3
9849,2017-07,1,15675.0,0.0,0
10054,2015-01,2,15300.0,0.0,-1
10055,2012-04,2,15000.0,0.0,1
10056,2014-12,1,17000.0,1856.0400000000006,1
10057,2013-03,2,18000.0,704.75,2
10058,2013-10,2,35000.0,0.0,2
10189,2010-06,1,7125.0,2270.6900000000005,4
10190,2013-07,1,20680.0,0.0,2
10208,2011-04,1,7700.0,0.0,1
10209,2013-05,1,8500.0,0.0,3
10210,2012-11,1,7315.0,0.0,1
10211,2012-02,1,7700.0,0.0,2
10212,2014-04,1,8500.0,0.0,2
10213,2011-01,1,7700.0,0.0,-3
10214,2010-10,1,7700.0,0.0,1
10215,2013-12,1,8075.0,1041.2100000000028,-2
10216,2010-11,1,7700.0,0.0,3
10217,2013-01,1,7700.0,0.0,2
10218,2010-11,1,7990.0,0.0,3
10219,2012-02,1,8265.0,0.0,2
10220,2010-01,1,8500.0,16455.38,172
10221,2012-03,1,8075.0,148.04999999999927,4
10222,2010-11,1,8000.0,0.0,3
10223,2013-04,1,7125.0,0.0,2
10224,2010-09,1,8075.0,1163.2599999999984,2
10225,2012-04,1,8075.0,0.0,1
10226,2012-10,1,7125.0,0.0,1
10227,2011-08,1,5700.0,0.0,3
10228,2012-05,1,5000.0,0.0,2
10229,2011-01,1,6175.0,0.0,-3
10230,2017-06,1,16200.0,1907.5299999999988,5
10231,2011-06,1,20000.0,1908.630000000001,4
10232,2011-06,1,19000.0,1908.630000000001,4
10233,2013-09,1,19950.0,-23.670000000001888,3
10234,2011-12,1,15500.0,-116.04999999999927,1
10235,2012-04,1,15500.0,0.0,1
10236,2014-04,1,8550.0,0.0,2
10237,2013-01,1,10000.0,0.0,2
10238,2014-01,1,7440.0,0.0,1
10239,2012-06,1,12000.0,1546.5699999999995,4
10240,2016-12,1,8987.0,650.1200000000026,-1
10241,2012-11,1,11400.0,0.0,1
10242,2014-07,1,8500.0,0.0,1
10243,2013-10,1,8500.0,0.0,2
10244,2013-11,2,16150.0,0.0,-4
10245,2014-07,1,8550.0,0.0,1
10246,2013-09,1,8075.0,-23.670000000001888,3
10401,2017-03,1,22000.0,695.9799999999959,2
10402,2017-06,1,25000.0,1907.5299999999988,5
10403,2017-09,1,21850.0,566.0800000000017,2
10404,2012-04,1,17000.0,0.0,1
10405,2010-11,1,7000.0,0.0,3
10406,2012-09,1,8550.0,993.5600000000012,2
10407,2012-06,1,8550.0,1546.5699999999995,4
10415,2016-05,1,31000.0,0.0,2
10416,2014-03,1,24700.0,627.0799999999981,3
10417,2016-06,1,24700.0,1267.4199999999985,3
10418,2010-09,1,25500.0,1163.2599999999984,2
10419,2010-11,1,26000.0,0.0,3
10420,2012-04,1,26000.0,0.0,1
10421,2016-04,1,30000.0,0.0,4
10422,2013-03,1,26000.0,704.75,2
10423,2016-12,1,24000.0,650.1200000000026,-1
10424,2011-03,1,28000.0,-161.67000000000192,1
10425,2016-04,1,30000.0,0.0,4
10426,2016-02,1,28000.0,0.0,1
10427,2015-04,1,168000.0,0.0,2
10428,2011-11,1,35000.0,0.0,-2
10429,2016-04,1,100500.0,0.0,4
10430,2012-06,1,28500.0,1546.5699999999995,4
10431,2015-01,1,85000.0,0.0,-1
10432,2013-07,1,67500.0,0.0,2
10433,2014-05,1,71250.0,0.0,2
10443,2010-07,1,12500.0,0.0,0
10444,2015-10,1,13775.0,0.0,1
10445,2010-09,1,12500.0,1163.2599999999984,2
10446,2014-04,1,12825.0,0.0,2
10447,2012-05,1,12500.0,0.0,2
10448,2015-01,1,14000.0,0.0,-1
10449,2016-10,1,35000.0,0.0,-1
10450,2016-04,1,14500.0,0.0,4
10451,2016-03,2,29000.0,273.489999999998,3
10452,2015-12,1,23750.0,1612.430000000004,0
10453,2015-05,1,14000.0,0.0,3
10454,2016-01,1,28500.0,0.0,-2
10455,2016-06,1,13775.0,1267.4199999999985,3
10456,2013-08,1,13000.0,0.0,1
10457,2013-10,1,13500.0,0.0,2
10458,2012-01,1,11111.11,0.0,1
10593,2010-09,1,2500.0,1163.2599999999984,2
10594,2010-12,3,7500.0,-253.23999999999802,3
10596,2011-11,1,16150.0,0.0,-2
10597,2016-12,1,23750.0,650.1200000000026,-1
10598,2011-09,1,16150.0,1078.41,1
10599,2012-04,1,17000.0,0.0,1
10600,2011-01,1,16150.0,0.0,-3
10601,2012-04,1,17000.0,0.0,1
10602,2011-09,1,17000.0,1078.41,1
10603,2016-02,1,23750.0,0.0,1
10604,2013-10,1,14355.16,0.0,2
10605,2013-01,1,17000.0,0.0,2
10606,2012-12,1,17000.0,-148.4300000000003,2
10607,2013-03,1,16150.0,704.75,2
10608,2011-09,1,17000.0,1078.41,1
10609,2014-12,1,28500.0,1856.0400000000006,1
10610,2011-09,1,17000.0,1078.41,1
11474,2010-12,1,3000.0,-253.23999999999802,3
11475,2013-05,1,4500.0,0.0,3
11476,2015-07,1,9500.0,0.0,1
11477,2011-10,1,3500.0,0.0,1
11478,2012-12,1,4500.0,-148.4300000000003,2
11479,2010-03,1,3500.0,-471.39000000000124,0
11480,2014-05,1,2533.65,0.0,2
11481,2010-11,1,3000.0,0.0,3
11482,2010-01,1,3000.0,16455.38,172
11782,2010-12,1,8415.0,-253.23999999999802,3
11981,2012-05,1,2666.67,0.0,2
11982,2012-07,1,3000.0,0.0,2
11983,2017-09,1,2627.73,566.0800000000017,2
11984,2013-12,1,2850.0,1041.2100000000028,-2
11985,2014-09,2,4000.0,-549.5400000000009,0
11986,2012-06,1,15200.0,1546.5699999999995,4
11987,2011-05,1,10000.0,0.0,2
11988,2011-11,1,10000.0,0.0,-2
11989,2010-10,1,10000.0,0.0,1
11990,2012-02,1,16000.0,0.0,2
11991,2013-02,1,13700.0,0.0,1
11992,2014-05,1,13015.0,0.0,2
11993,2010-12,1,2550.0,-253.23999999999802,3
11994,2012-02,2,5500.0,0.0,2
11995,2013-06,1,3000.0,1942.9300000000005,4
11996,2010-10,1,9025.0,0.0,1
11997,2017-08,1,9200.0,0.0,0
11998,2010-09,2,19000.0,1163.2599999999984,2
11999,2011-04,1,4550.0,0.0,1
12000,2016-11,1,4275.0,0.0,-2
12001,2012-11,1,4050.0,0.0,1
12002,2010-07,1,4560.0,0.0,0
12003,2014-08,1,4050.0,0.0,0
12007,2014-04,1,10000.0,0.0,2
12008,2015-08,1,11400.0,0.0,2
12009,2014-01,1,13020.0,0.0,1
12010,2010-05,1,8550.0,0.0,2
12011,2012-07,3,39000.0,0.0,2
12012,2012-04,1,12150.0,0.0,1
12013,2013-06,1,13000.0,1942.9300000000005,4
12014,2012-11,1,12350.0,0.0,1
12015,2014-09,1,14000.0,-549.5400000000009,0
12016,2011-12,1,12000.0,-116.04999999999927,1
12017,2015-01,1,14222.22,0.0,-1
12018,2013-06,1,13300.0,1942.9300000000005,4
12019,2012-11,1,8000.0,0.0,1
12020,2013-04,1,55500.0,0.0,2
12021,2010-03,1,8000.0,-471.39000000000124,0
12022,2012-03,1,8500.0,148.04999999999927,4
12023,2012-01,1,8000.0,0.0,1
12024,2010-12,1,4444.0,-253.23999999999802,3
12025,2010-12,1,8000.0,-253.23999999999802,3
12026,2012-04,1,7200.0,0.0,1
12027,2011-04,2,10200.0,0.0,1
12028,2011-02,1,6500.0,0.0,0
12029,2011-04,2,13500.0,0.0,1
12030,2016-06,1,8075.0,1267.4199999999985,3
12031,2015-08,1,6650.0,0.0,2
12032,2011-10,1,6412.5,0.0,1
12033,2016-08,1,8075.0,0.0,-1
12034,2012-08,1,7000.0,0.0,1
12035,2014-02,1,8550.0,0.0,1
12036,2010-12,1,7000.0,-253.23999999999802,3
12037,2013-01,1,10450.0,0.0,2
12038,2015-09,1,27000.0,-4.389999999999418,3
12039,2013-04,1,27075.0,0.0,2
12040,2013-12,1,12350.0,1041.2100000000028,-2
12041,2017-06,1,27900.0,1907.5299999999988,5
12042,2014-09,1,28500.0,-549.5400000000009,0
12043,2016-07,1,19000.0,0.0,-2
12044,2011-05,1,8550.0,0.0,2
12045,2012-11,1,9975.0,0.0,1
12046,2012-10,1,10000.0,0.0,1
12047,2015-10,3,5130.0,0.0,1
12048,2015-05,1,1440.0,0.0,3
12049,2010-08,1,1800.0,0.0,1
12050,2016-03,1,1600.0,273.489999999998,3
12051,2012-08,1,8500.0,0.0,1
12052,2014-11,1,16000.0,0.0,0
12053,2015-04,1,8000.0,0.0,2
12054,2010-08,1,7000.0,0.0,1
12055,2011-06,1,7500.0,1908.630000000001,4
12056,2016-11,1,7600.0,0.0,-2
12057,2012-06,1,7000.0,1546.5699999999995,4
12058,2017-04,1,9300.0,0.0,1
12059,2012-07,1,9000.0,0.0,2
12060,2016-11,1,9300.0,0.0,-2
12061,2017-05,1,7951.93,0.0,2
12062,2011-08,1,6650.0,0.0,3
12063,2011-05,1,6650.0,0.0,2
12064,2014-08,1,9000.0,0.0,0
12065,2014-08,1,8550.0,0.0,0
12066,2012-05,1,4444.44,0.0,2
12067,2015-02,1,5000.0,0.0,1
12068,2015-10,1,5500.0,0.0,1
12069,2012-06,1,5000.0,1546.5699999999995,4
12070,2015-09,1,4444.44,-4.389999999999418,3
12071,2012-05,1,5000.0,0.0,2
12072,2010-08,1,5500.0,0.0,1
12073,2014-12,1,4750.0,1856.0400000000006,1
12074,2013-12,1,4750.0,1041.2100000000028,-2
12075,2012-09,1,5225.0,993.5600000000012,2
12076,2013-11,1,5000.0,0.0,-4
12077,2012-08,1,5000.0,0.0,1
12078,2011-01,1,4275.0,0.0,-3
12079,2011-10,1,4500.0,0.0,1
12080,2012-05,2,10000.0,0.0,2
12081,2010-08,2,10200.0,0.0,1
12082,2013-08,1,6000.0,0.0,1
12083,2011-01,2,10450.0,0.0,-3
12084,2012-07,1,6000.0,0.0,2
12085,2012-02,1,5700.0,0.0,2
12086,2010-12,2,11000.0,-253.23999999999802,3
12087,2011-05,1,5400.0,0.0,2
12088,2013-09,2,11400.0,-23.670000000001888,3
12089,2015-02,2,11400.0,0.0,1
12090,2011-02,2,11000.0,0.0,0
12091,2011-02,1,5700.0,0.0,0
12092,2012-09,2,11400.0,993.5600000000012,2
12093,2016-05,1,9000.0,0.0,2
12094,2012-09,1,5100.0,993.5600000000012,2
12095,2010-10,1,5100.0,0.0,1
12096,2010-10,1,3555.56,0.0,1
12097,2014-07,2,7000.0,0.0,1
12098,2013-09,1,7000.0,-23.670000000001888,3
12099,2011-08,1,12000.0,0.0,3
12100,2014-11,1,4000.0,0.0,0
12101,2016-12,1,6650.0,650.1200000000026,-1
12102,2013-11,1,3800.0,0.0,-4
12103,2014-10,3,12000.0,0.0,0
12104,2016-11,1,6650.0,0.0,-2
12105,2017-08,1,12000.0,0.0,0
12106,2012-11,1,1500.0,0.0,1
12107,2012-08,1,1500.0,0.0,1
12108,2017-02,1,1500.0,0.0,1
12109,2012-02,1,1500.0,0.0,2
12110,2010-12,2,1700.0,-253.23999999999802,3
12111,2012-04,1,4750.0,0.0,1
12112,2012-11,1,5000.0,0.0,1
12113,2010-09,1,6000.0,1163.2599999999984,2
12114,2012-04,1,6000.0,0.0,1
12115,2014-02,2,6650.0,0.0,1
12116,2013-09,2,5700.0,-23.670000000001888,3
12117,2013-02,1,5500.0,0.0,1
12118,2013-01,1,5100.0,0.0,2
12119,2011-10,1,4533.0,0.0,1
12120,2011-08,1,5100.0,0.0,3
12121,2012-05,1,8500.0,0.0,2
12122,2011-01,1,9025.0,0.0,-3
12123,2011-04,1,6750.0,0.0,1
12124,2014-07,2,13500.0,0.0,1
12125,2014-03,1,6300.0,627.0799999999981,3
12126,2011-04,1,6075.0,0.0,1
12127,2010-02,1,24000.0,0.0,0
12128,2010-04,2,10200.0,0.0,2
12129,2012-03,1,5100.0,148.04999999999927,4
12130,2010-12,1,5100.0,-253.23999999999802,3
12131,2013-08,1,5100.0,0.0,1
12132,2013-02,1,9000.0,0.0,1
12133,2012-04,1,8075.0,0.0,1
12134,2010-10,1,22500.0,0.0,1
12135,2016-10,1,20000.0,0.0,-1
12136,2013-10,1,8550.0,0.0,2
12137,2010-09,1,1000.0,1163.2599999999984,2
12138,2010-11,1,5000.0,0.0,3
12139,2017-09,1,7500.0,566.0800000000017,2
12140,2011-05,1,6750.0,0.0,2
12141,2016-11,2,18050.0,0.0,-2
12142,2016-08,1,8022.32,0.0,-1
12143,2016-03,2,19000.0,273.489999999998,3
12144,2014-01,1,9025.0,0.0,1
12145,2016-11,1,9975.0,0.0,-2
12146,2016-08,1,9025.0,0.0,-1
12147,2015-10,2,19000.0,0.0,1
12148,2012-12,1,9500.0,-148.4300000000003,2
12149,2015-10,1,10000.0,0.0,1
12150,2011-02,1,6900.0,0.0,0
12151,2013-01,1,11875.0,0.0,2
12152,2014-12,1,9500.0,1856.0400000000006,1
12153,2014-03,1,9500.0,627.0799999999981,3
12154,2015-04,1,8444.44,0.0,2
12155,2011-08,1,5520.0,0.0,3
12156,2014-11,1,10000.0,0.0,0
12157,2011-07,1,9975.0,0.0,1
12158,2012-05,1,10500.0,0.0,2
12159,2015-11,1,9000.0,0.0,-1
12160,2014-03,1,9500.0,627.0799999999981,3
12161,2014-04,1,9500.0,0.0,2
12162,2011-07,1,13300.0,0.0,1
12163,2016-12,1,4750.0,650.1200000000026,-1
12164,2012-03,1,7500.0,148.04999999999927,4
12165,2013-11,1,7125.0,0.0,-4
12485,2012-11,1,16815.0,0.0,1
12741,2017-03,1,9500.0,695.9799999999959,2
12742,2017-07,1,9500.0,0.0,0
12743,2017-07,1,9025.0,0.0,0
12748,2017-03,1,10500.0,695.9799999999959,2
12750,2017-04,1,13775.0,0.0,1
